title,artist,genre,release_date
TEXAS HOLD 'EM,Beyoncé, Country,11/02/2024
Lose Control,Teddy Swims, Pop,23/06/2023
Beautiful Things,Benson Boone, Pop,19/01/2024
Flowers,Miley Cyrus, Pop,12/01/2023
Turn the Lights Back On,Billy Joel, Pop,01/02/2024
Don't Let the Old Man In,Toby Keith, Country,07/12/2018
Lovin On Me,Jack Harlow, Hip-Hop / Rap,23/02/2022
Selfish,Justin Timberlake, Pop,25/01/2024
Sorrys & Ferraris,Polo G, Rap,16/02/2024
TEXAS HOLD 'EM,Beyoncé, Country,09/02/2024
I Remember Everything (feat. Kacey Musgraves),Zach Bryan, Country,27/01/2023
Made For Me,Muni Long, R&B / Soul,15/09/2023
Houdini,Dua Lipa, Pop,09/11/2023
Training Season,Dua Lipa, Pop,16/02/2024
Fast Car,Luke Combs, Country,24/03/2023
Fast Car,Tracy Chapman, Singer/Songwriter,01/04/1988
Live Like You Were Dying,Tim McGraw, Country,07/06/2004
Save Me,Jelly Roll, Rap,25/06/2020
Let's Go,Key Glock, Hip-Hop / Rap,23/06/2023
Yeah! (feat. Lil Jon & Ludacris),USHER, R&B / Soul,10/01/2004
Lil Boo Thang,Paul Russell, Pop,18/08/2023
Cruel Summer,Taylor Swift, Pop,23/08/2019
16 CARRIAGES,Beyoncé, Country,11/02/2024
Where the Wild Things Are,Luke Combs, Country,24/03/2023
Until I Found You,Stephen Sanchez, Singer/Songwriter,01/09/2021
Need a Favor,Jelly Roll, Country,09/12/2022
Country's Cool Again,Lainey Wilson, Country,16/02/2024
In Case You Didn't Know,Brett Young, Country,01/01/2016
Spicy Margarita,Jason Derulo & Michael Bublé, Pop,25/01/2024
You Are the Reason,Calum Scott, Pop,09/03/2018
"yes, and?",Ariana Grande & Mariah Carey, Pop,16/02/2024
Three Little Birds,Bob Marley & The Wailers, Reggae,08/05/1984
Until I Found You (Em Beihold Version),Stephen Sanchez & Em Beihold, Singer/Songwriter,22/04/2022
Powerful Women,Pitbull & Dolly Parton, Pop,15/02/2024
Water,Tyla, Pop,28/07/2023
White Horse,Chris Stapleton, Country,21/07/2023
Murder On the Dancefloor (Radio Edit),Sophie Ellis-Bextor, Dance,01/01/2002
Should've Been a Cowboy,Toby Keith, Country,01/01/1993
"What Was I Made For? (From The Motion Picture ""Barbie"")",Billie Eilish, Alternative,13/07/2023
Thinkin’ Bout Me,Morgan Wallen, Country,03/03/2023
Hard to Love,Lee Brice, Country,24/04/2012
It Ain't Over 'Til It's Over,Lenny Kravitz, Rock,02/04/1991
Good Day,Forrest Frank, Christian & Gospel,19/01/2024
A Country Boy Can Survive,"Hank Williams, Jr.", Country,01/08/1981
Save Me (with Lainey Wilson),Jelly Roll, Country,01/02/2023
One Love / People Get Ready,Bob Marley & The Wailers, Reggae,08/05/1984
Lovin On Me,Jack Harlow, Hip-Hop / Rap,10/11/2023
Devil You Know,Tyler Braden, Country,02/02/2024
Anti-Hero,Taylor Swift, Pop,21/10/2022
Spin You Around (1/24),Morgan Wallen, Country,26/01/2024
"Courtesy of the Red, White and Blue (The Angry American)",Toby Keith, Country,01/01/2002
You Are the Reason (Duet Version),Calum Scott & Leona Lewis, Pop,09/02/2018
Love Story (Taylor’s Version),Taylor Swift, Country,11/02/2021
There Was Jesus,Zach Williams & Dolly Parton, Christian & Gospel,03/10/2019
Wildflowers and Wild Horses (Single Version),Lainey Wilson, Country,10/11/2023
Watermelon Moonshine,Lainey Wilson, Country,12/08/2022
bury a friend,Billie Eilish, Alternative,29/01/2019
You’re Losing Me (From The Vault),Taylor Swift, Pop,26/05/2023
What I Couldn’t Forget,Drake Milligan, Country,16/02/2024
Lover,Taylor Swift, Pop,16/08/2019
Last Night,Morgan Wallen, Country,02/02/2023
Standing Next to You (USHER Remix),Jung Kook & USHER, Pop,01/12/2023
You Belong With Me (Taylor’s Version),Taylor Swift, Country,09/04/2021
CARNIVAL,"¥$, Kanye West & Ty Dolla $ign", Hip-Hop / Rap,09/02/2024
Dance The Night,Dua Lipa, Pop,27/05/2023
To Be A Man (feat. Darius Rucker),Dax, Country,27/10/2023
Fly Away,Lenny Kravitz, Rock,12/05/1998
Tennessee Whiskey,Chris Stapleton, Country,23/04/2015
Standing Next to You (Usher Remix),Jung Kook & USHER, K-Pop,01/12/2023
As Good As I Once Was,Toby Keith, Country,01/01/2005
Pretty Little Poison,Warren Zeiders, Country,17/03/2023
Karma,Taylor Swift, Pop,21/10/2022
Stick Season,Noah Kahan, Alternative,08/07/2022
23,Chayce Beckham, Country,14/05/2021
EASY,LE SSERAFIM, K-Pop,19/02/2024
"Praise (feat. Brandon Lake, Chris Brown & Chandler Moore)",Elevation Worship, Christian & Gospel,19/05/2023
The Door,Teddy Swims, Pop,15/09/2023
TRUCK BED,HARDY, Country,10/10/2022
We Are the World,U.S.A. for Africa, Rock,07/03/1985
You Need To Calm Down,Taylor Swift, Pop,14/06/2019
A Symptom Of Being Human,Shinedown, Hard Rock,01/07/2022
Bulletproof,Nate Smith, Country,09/02/2024
redrum,21 Savage, Hip-Hop / Rap,12/01/2024
Lead Me Home,Jamey Johnson, Country,31/01/2006
Good Days,SZA, R&B / Soul,25/12/2020
Unwritten,Natasha Bedingfield, Pop,06/09/2004
Dance You Outta My Head,Cat Janice, Pop,19/01/2024
Life With You,Kelsey Hart, Country,03/11/2023
Strangers,Kenya Grace, Dance,01/09/2023
Everybody (feat. Lil Uzi Vert),Nicki Minaj, Hip-Hop / Rap,08/12/2023
Can't Get Enough,Jennifer Lopez, Pop,10/01/2024
Give In to Me,Garrett Hedlund & Leighton Meester, Soundtrack,21/12/2010
...Ready For It?,Taylor Swift, Pop,01/01/2017
How Do You Like Me Now?!,Toby Keith, Country,02/11/1999
Purple Irises,Gwen Stefani & Blake Shelton, Pop,09/02/2024
Tell It To My Heart,Cash Cash & Taylor Dayne, Dance,15/09/2023
"We Takin' Over (feat. Akon, T.I., Rick Ross, Fat Joe, Baby & Lil' Wayne)",DJ Khaled, Hip-Hop / Rap,27/03/2007
Used To Be Young,Miley Cyrus, Pop,25/08/2023
Heart Like a Truck,Lainey Wilson, Country,20/05/2022
greedy,Tate McRae, Pop,15/09/2023
